{"cameraMode":{"drawMode":0,"name":"Shaded","section":"Shading Mode"},"sceneLighting":false,"audioPlay":false,"sceneViewState":{"m_AlwaysRefresh":false,"showFog":true,"showSkybox":false,"showFlares":true,"showImageEffects":true,"showParticleSystems":true,"showVisualEffectGraphs":true,"m_FxEnabled":true},"in2DMode":false,"pivot":{"x":15.999998092651368,"y":0.19999980926513673,"z":16.000001907348634},"rotation":{"x":0.13990381360054017,"y":-0.02257411740720272,"z":0.0031910508405417206,"w":0.9899089336395264},"size":12.404732704162598,"orthographic":true}