{"cameraMode":{"drawMode":0,"name":"Shaded","section":"Shading Mode"},"sceneLighting":false,"audioPlay":false,"sceneViewState":{"m_AlwaysRefresh":false,"showFog":true,"showSkybox":false,"showFlares":true,"showImageEffects":true,"showParticleSystems":true,"showVisualEffectGraphs":true,"m_FxEnabled":true},"in2DMode":false,"pivot":{"x":16.024871826171876,"y":-16.547832489013673,"z":30.626901626586915},"rotation":{"x":-0.2580863833427429,"y":-0.27877965569496157,"z":0.07805649191141129,"w":-0.9217332005500794},"size":26.371728897094728,"orthographic":false}