{"cameraMode":{"drawMode":0,"name":"Shaded","section":"Shading Mode"},"sceneLighting":false,"audioPlay":false,"sceneViewState":{"m_AlwaysRefresh":false,"showFog":false,"showSkybox":false,"showFlares":false,"showImageEffects":false,"showParticleSystems":false,"showVisualEffectGraphs":true,"m_FxEnabled":true},"in2DMode":false,"pivot":{"x":-0.8023240566253662,"y":3.4683752059936525,"z":-1.883208990097046},"rotation":{"x":-0.015125644393265248,"y":0.9479214549064636,"z":-0.045535001903772357,"w":-0.31487128138542178},"size":2.722700834274292,"orthographic":false}