{"cameraMode":{"drawMode":0,"name":"Shaded","section":"Shading Mode"},"sceneLighting":false,"audioPlay":false,"sceneViewState":{"m_AlwaysRefresh":false,"showFog":true,"showSkybox":false,"showFlares":true,"showImageEffects":true,"showParticleSystems":true,"showVisualEffectGraphs":true,"m_FxEnabled":true},"in2DMode":false,"pivot":{"x":22.97777557373047,"y":-0.0000019073486328125,"z":-15.080469131469727},"rotation":{"x":0.07194261252880097,"y":-0.6998845934867859,"z":0.07121260464191437,"w":0.7070567011833191},"size":10.436442375183106,"orthographic":true}