{"cameraMode":{"drawMode":0,"name":"Shaded","section":"Shading Mode"},"sceneLighting":false,"audioPlay":false,"sceneViewState":{"m_AlwaysRefresh":false,"showFog":true,"showSkybox":false,"showFlares":true,"showImageEffects":true,"showParticleSystems":true,"showVisualEffectGraphs":true,"m_FxEnabled":true},"in2DMode":false,"pivot":{"x":1.0010626316070557,"y":0.4918346703052521,"z":0.000010110559742315672},"rotation":{"x":-0.23059546947479249,"y":0.03152744099497795,"z":-0.0076438551768660549,"w":-0.9725911021232605},"size":4.274695873260498,"orthographic":true}