{"cameraMode":{"drawMode":0,"name":"Shaded","section":"Shading Mode"},"sceneLighting":false,"audioPlay":false,"sceneViewState":{"m_AlwaysRefresh":false,"showFog":true,"showSkybox":false,"showFlares":true,"showImageEffects":true,"showParticleSystems":true,"showVisualEffectGraphs":true,"m_FxEnabled":true},"in2DMode":false,"pivot":{"x":-9.5367431640625e-7,"y":0.41953253746032717,"z":-4.470348358154297e-8},"rotation":{"x":0.029995977878570558,"y":0.000601509353145957,"z":-0.00002120368299074471,"w":0.9995608329772949},"size":11.327861785888672,"orthographic":true}