{"cameraMode":{"drawMode":0,"name":"Shaded","section":"Shading Mode"},"sceneLighting":false,"audioPlay":false,"sceneViewState":{"m_AlwaysRefresh":false,"showFog":true,"showSkybox":false,"showFlares":true,"showImageEffects":true,"showParticleSystems":true,"showVisualEffectGraphs":true,"m_FxEnabled":true},"in2DMode":false,"pivot":{"x":-0.44992005825042727,"y":0.14218255877494813,"z":-3.8773345947265627},"rotation":{"x":0.05172384902834892,"y":0.16845715045928956,"z":-0.008852132596075535,"w":0.9843113422393799},"size":0.6113823652267456,"orthographic":false}